Headline,Publication,Date
Report: Hate groups up in Pennsylvania,"The Philadelphia Inquirer, PHILADELPHIA; P-com News; Pg. B02, 484 words",2/21/16
SHAMEFUL: Donald Trump is Using Racism as a Campaign Strategy,"Newstex BlogsThe Hinterland Gazette( Georgia), 1518 words",3/12/16
The dirty right,"The Money Illusion, 1145 words",3/14/16
Trump stokes more 'riot' talk,"Liberaland, 584 words",3/16/16
"How The Trump Campaign Could Evolve Into Organized Violence, In Six Steps","The Huffington Post, 3458 words",3/17/16
"US democracy at stake amid campaign violence, major Jewish group warns","The Times of Israel, 771 words",3/17/16
"Decrease in attacks on Burundian security forces indicates diminished militant capacity, but further small-arms attacks likely"," IHS Global Insight, In Brief, 396 words",3/18/16
"Decrease in attacks on Burundian security forces indicates diminished militant capacity, but further small-arms attacks likely"," IHS Global Insight, In Brief, 397 words",3/18/16
The Man the Founders Feared,"The New York Times, Section SR; Column 0Sunday Review Desk; Pg. 1; CONTRIBUTING OP-ED WRITER, 1480 words",3/20/16
The man the founders feared,"International New York Times, EDIT; Pg. 7, 1114 words",3/21/16
"US democracy at stake amid campaign violence, major Jewish group warns","US Official News, 736 words",3/21/16
Cleveland gears up for riots as Trump's circus heads to town,"The Times (London), NEWS; Pg. 37, 688 words",3/22/16
Cleveland gears up for riots as Trump's circus heads to town,"thetimes.co.uk, US & AMERICAS, 689 words",3/22/16
Anti-Defamation League Will Use Donald Trump's Donations To Fund Anti-Bullying Programs,"The Huffington Post, 884 words",3/31/16
These Immigrants Are Trying To Become Citizens To Vote Against Trump,"The Huffington Post, 582 words",4/22/16
Huffington Defends Anti-Trump Coverage as 'Responsible Journalism',"Newstex BlogsNewsbusters.org, 1488 words",4/26/16
Arianna: HuffPost Will Cover Donald Trump As 'A Buffoon And Dangerous.' Even If He's The Nominee.,"The Huffington Post, 397 words",4/26/16
Donald Trump Agrees To Sit-Down Interview With Nemesis Megyn Kelly,"The Huffington Post, 827 words",4/26/16
Trump Climbs Wall To Avoid Protests At California GOP Convention,"The Huffington Post, 575 words",4/29/16
Zimbabwe;Chimene Dismisses Violence Claims,"Africa News, 209 words",5/2/16
Chimene Dismisses Violence Claims,"The Herald (Harare), 209 words",5/2/16
One Of These Tremendous People Could Be Trump's Running Mate,"The Huffington Post, 460 words",5/4/16
Eddie Vedder Sings About Donald Trump's Penis In Concert,"The Huffington Post, 492 words",5/4/16
GOP Senate Candidates All Aboard Trump Train,"Newstex BlogsFlorida Democratic Party, 205 words",5/5/16
Florida Dems: GOP Senate Candidates All Aboard Trump Train,"Targeted News Service, 176 words",5/5/16
Florida: GOP Senate Candidates All Aboard Trump Train,"US Official News, 190 words",5/7/16
Mitt Romney Warns Of 'Demagogues On The Right' In Commencement Speech,"The Huffington Post, 469 words",5/9/16
London's New Mayor: I Won't Be Able To Visit The U.S. If Trump Wins,"The Huffington Post, 628 words",5/9/16
Ted Cruz Isn't Ready To Endorse Donald Trump Yet,"The Huffington Post, 540 words",5/10/16
Paris Mayor Joins Growing List Of World Leaders Fed Up With Trump,"The Huffington Post, 533 words",5/12/16
Bill Maher And Michael Moore Pledge To Take Down Donald Trump,"The Huffington Post, 435 words",5/14/16
Trump Is Finally Getting His Own Cards Against Humanity,"The Huffington Post, 588 words",5/18/16
These Are The 'Great Intellects' Donald Trump Would Like To Put On The Supreme Court,"The Huffington Post, 683 words",5/18/16
WASHINGTON STATE DEMOCRATS STATEMENT ON REPUBLICAN BILL BRYANT FILING RUN FOR GOVERNOR,"States News Service, 794 words",5/19/16
Washington Dems: Statement on Republican Bill Bryant Filing Run for Governor,"Targeted News Service, 793 words",5/19/16
Beware the unscrupulous outsider,"Richmond Times Dispatch (Virginia), MAIN; Pg. 8A, 863 words",5/20/16
Are Democrats as troubled as the GOP?,"South Bend Tribune (Indiana), OPINION; Pg. A5, 751 words",5/23/16
Mad Magazine Gets In On The Donald Trump Action,"The Huffington Post, 491 words",5/31/16
The Election and Media Cognitive Dissonance,"Newstex BlogsWestern Free Press( Arizona), 398 words",6/2/16
Another Republican Governor Refuses To Endorse Donald Trump,"The Huffington Post, 514 words",6/2/16
Political Violence in the Era of Trump,"Atlantic Online, 1040 words",6/3/16
NYT's Bizarre Standard: Blame Trump For Failing To 'Condemn' Violence Committed Against Own Supporters,"PA Pundits, 811 words",6/4/16
Clinton Campaign Condemns Protesters' Violence at Trump Rally in California,"The New York Times, Section ; Column 0Politics; Pg. , 337 words",6/4/16
"Dynasty and demagogues: what the US election shares with African democracy;As a former Africa correspondent, David Smith has seen first-hand the trials and triumphs of the continent's elections - and their parallels in the US","The Guardian, US NEWS, 1269 words",6/7/16
"Dynasty and demagogues: what the US election shares with African democracy;As a former Africa correspondent, David Smith has seen first-hand the trials and triumphs of the continent's elections - and their parallels in the US","The Guardian, US NEWS, 1270 words",6/7/16
New York Daily News Blasts Ryan For Standing By 'Racist' Trump,"The Huffington Post, 511 words",6/8/16
Only democracy can stop bloodshed,"AlArabiya.net, 1053 words",6/12/16
Republican Governor Says He Doesn't Plan On Voting For Donald Trump,"The Huffington Post, 400 words",6/15/16
Donald Trump Changes Position On Thickness Of Own Skin,"The Huffington Post, 509 words",6/15/16
"Brexit has little to do with the death of Jo Cox - political violence is as old as time itself;Why are commentators implying that there's something especially corrosive, especially conducive to violent acts, about the EU referendum?"," The Independent (United Kingdom), VOICES, 477 words",6/17/16
"Stop blaming Brexit for Jo Cox's death. Political violence is as old as time itself;Why are commentators implying that there's something especially corrosive, especially conducive to violent acts, about the EU referendum?"," The Independent (United Kingdom), VOICES, 477 words",6/17/16
Trump And Political Violence,"Lawyers, Guns, and Money, 756 words",6/17/16
"Trump Is Racist, Says Head Of Group Of The World's Richest Countries","The Huffington Post, 602 words",6/17/16
Donald Trump Parts Ways With Controversial Campaign Manager Corey Lewandowski,"The Huffington Post, 473 words",6/20/16
"Trump: 'I Don't Think Anybody Should Listen To Me,' But Here's My Advice Anyway","The Huffington Post, 524 words",6/22/16
Arianna Huffington Urges GOP Voters To 'Trexit' And Dump Trump,"The Huffington Post, 484 words",6/27/16
This Is What Would Happen If You Repealed Obamacare,"The Huffington Post, 591 words",6/27/16
Here Are The Republicans Who Are Refusing To Back Donald Trump,"The Huffington Post, 315 words",6/28/16
David Tennant Unleashes His Inner Time Lord On Donald Trump,"The Huffington Post, 497 words",6/28/16
"Jimmy Kimmel, 'Troompa Loompas' Slam Donald Trump For Name-Calling","The Huffington Post, 337 words",6/29/16
IN BRIEF,"Business Insurance Print Version; Pg. 8; Vol. 50, 1491 words",7/4/16
Ivanka Trump: 'My Father Is A Feminist',"The Huffington Post, 589 words",7/5/16
The Dallas lessons,"The News International; Vol. 26; No. 127, 525 words",7/10/16
These Republicans Are Under Trump's Skin,"The Huffington Post, 514 words",7/11/16
Comedian Jim Jefferies Says Trump 'Is Like A Kid Running For Class President',"The Huffington Post, 332 words",7/12/16
Bill Maher Reveals '25 Things You Don't Know' About Donald Trump,"The Huffington Post, 537 words",7/16/16
"Why political violence, so far, isn't as bad as 1960s;The media may be exaggerating the potential for a politically polarized America to erupt into violence, including at this week's GOP convention, say experts. Still, there's a need for national soul-searching.","The Christian Science Monitor, USA, 1412 words",7/17/16
State Delegations Walk Out On Trump,"The Huffington Post, 530 words",7/18/16
What RNC Trump Supporters Want The Donald To Change About America,"The Huffington Post, 464 words",7/19/16
"Donald Trump Looks Up To Ronald Reagan, But He's Nothing Like Him","The Huffington Post, 608 words",7/19/16
"The Mind-Set That Drives Fear, Hate and Donald Trump","The Nation Blogs, 492 words",7/19/16
Michael Che Uses Trumpemon Go To Find Rare Minorities At The Republican National Convention,"The Huffington Post, 312 words",7/21/16
Here's Why Michael Moore Thinks Trump Will Win,"The Huffington Post, 504 words",7/21/16
Mike Pence Says Trump 'Will Stand With Our Allies.' Trump Says The Opposite.,"The Huffington Post, 618 words",7/21/16
How Newspapers Responded To Donald Trump's Historic Night,"The Huffington Post, 458 words",7/22/16
Elizabeth Warren Blasts Donald Trump's '2-Bit Dictator' RNC Speech,"The Huffington Post, 466 words",7/22/16
John Oliver Reveals The Real Theme Of The 2016 GOP Convention,"The Huffington Post, 441 words",7/25/16
Mother Of Benghazi Victim Doesn't Want Trump Using Her Son's Name,"The Huffington Post, 612 words",7/25/16
Searches For 'Donald Trump Treason' Spike Following Russia Comments,"The Huffington Post, 701 words",7/27/16
New York Daily News On 'Treasonous' Donald Trump: Lock Him Up!,"The Huffington Post, 544 words",7/28/16
9 Republican Babies Who Simply Can't Endorse Trump,"The Huffington Post, 359 words",8/1/16
John Oliver Shreds 'Self-Serving Half-Man' Donald Trump Over Response To Khizr Khan,"The Huffington Post, 549 words",8/1/16
Stephen Colbert Has Some Incredibly Blunt 'Werds' For Donald Trump,"The Huffington Post, 323 words",8/2/16
Disturbing Video Shows Actual Things People Say At Trump Rallies,"The Huffington Post, 322 words",8/3/16
Bratton: Trump 'Scares The Hell Out Of Me',"The Huffington Post, 438 words",8/3/16
Suicide Squad' Made Its Bed With A Key Donald Trump Supporter,"The Huffington Post, 607 words",8/5/16
Fox News Coverage Gives Donald Trump Mastery Over Both Politics And The Economy,"The Huffington Post, 781 words",8/5/16
Bill Maher: Democrats Must Ditch Pet Causes To Stop 'Infection' Of Trump,"The Huffington Post, 468 words",8/6/16
Trevor Noah Agrees With Donald Trump That The Election Is Rigged,"The Huffington Post, 505 words",8/9/16
"Unlike the IRA, the ISIL project will outlive ISIL itself","The National, 785 words",8/10/16
POLITICAL VIOLENCE: TRUMP'S 2ND AMENDMENT PEOPLE VS. HILLARY'S 'ACTIVISTS',"States News Service, 5920 words",8/11/16
TRUMP RHETORIC TAKES SCARY TURN,"Spokesman Review (Spokane, WA), A; Pg. 015, 772 words",8/12/16
"Amy Goodman and Denis Moynihan: Donald Trump's assassination threat, Fox News and the NRA","The Daily Cardinal: University of Wisconsin - Madison, NEWS; Pg. 1, 869 words",8/12/16
Donald Trump Says He'll Get Into Heaven If He Becomes President,"The Huffington Post, 406 words",8/12/16
Watch Donald Trump's Foreign Policy Speech Live,"The Huffington Post, 561 words",8/15/16
Ballet Legend Mikhail Baryshnikov Warns Against Donald Trump's Authoritarianism,"The Huffington Post, 603 words",8/17/16
Donald Trump Apparently Thought He Could Be A Reality TV Star And President At The Same Time,"The Huffington Post, 618 words",8/22/16
Donald Trump Won't Stop Talking About How 'Healthy' He Is,"The Huffington Post, 412 words",8/26/16
Donald Trump Finally Begins Major Spending On Television Ads Against Hillary Clinton,"The Huffington Post, 544 words",8/29/16
Seth Meyers Hilariously Explores How Clinton And Trump Are Getting Ready For Debates,"The Huffington Post, 437 words",8/30/16
Paul Ryan Made A Video Hyping The GOP. But He Forgot Someone.,"The Huffington Post, 563 words",8/30/16
Donald Trump Can't Resist Slamming 'Morning Joe' Hosts On Twitter,"The Huffington Post, 556 words",9/2/16
Donald Trump Will Not Stop Lying About The Iraq War,"The Huffington Post, 650 words",9/8/16
Protester With Oxygen Tank Allegedly 'Cold-Cocked' By Trump Supporter At N.C. Rally,"The Huffington Post, 513 words",9/14/16
Keith Olbermann Calls Donald Trump Jr. An 'A**hole' For Making Holocaust Joke,"The Huffington Post, 480 words",9/15/16
Tuesday News: 'A vote for Trump is a vote for climate catastrophe'; 'Trump Jr compares refugees to poisoned Skittles',"Newstex BlogsBlue Virginia, 1427 words",9/20/16
Only Lin-Manuel Miranda Could Turn Trump's Tweets Into Something We Want To Pay Attention To,"The Huffington Post, 379 words",9/20/16
Bono: Donald Trump Is Potentially The Worst Idea That Ever Happened To America,"The Huffington Post, 411 words",9/21/16
How Trump winks at political violence,"The Moderate Voice, 824 words",9/21/16
Stephen Colbert Has Donald Trump's Sniffing Problem All Figured Out,"The Huffington Post, 367 words",9/27/16
These Are The Best Moments From The First Presidential Debate,"The Huffington Post, 384 words",9/27/16
Van Jones Reminds Donald Trump There's No Credit 'For Most Improved Bigot',"The Huffington Post, 410 words",9/27/16
Mexican Literary Magazine Gives 'American Fascist' Donald Trump A Hitler Mustache,"The Huffington Post, 467 words",9/29/16
Bill Maher Hilariously Reveals The Unheard-Of Magazines Endorsing Donald Trump,"The Huffington Post, 521 words",10/1/16
These First-Graders Reacting To Trump Are All Of Us,"The Huffington Post, 422 words",10/6/16
You Can Now Buy 'Icky Trump' T-Shirts Thanks To The White Stripes,"The Huffington Post, 515 words",10/6/16
Mike Pence 'Offended' By Donald Trump's Lewd Remarks About Women,"The Huffington Post, 385 words",10/8/16
Joe Biden Says Trump's Comments About Women Were 'Sexual Assault',"The Huffington Post, 427 words",10/8/16
Hillary Clinton And Donald Trump Did Not Shake Hands Before Their Second Debate,"The Huffington Post, 405 words",10/10/16
Trump's Claim The Debate Moderators Shorted Him On Time Is Totally Bogus,"The Huffington Post, 570 words",10/10/16
Another book spotlights Kilgore's role,"Newstex BlogsIllinois Senate Republican Caucus, 1041 words",10/11/16
Trevor Noah Brutally Skewers Donald Trump Over Tape Scandal,"The Huffington Post, 364 words",10/11/16
This Clinton-Trump Debate Duet Shows The Internet Has Given Up On Politics,"The Huffington Post, 471 words",10/11/16
Donald Trump Tells Florida Supporters The Wrong Date For Election Day,"The Huffington Post, 339 words",10/12/16
Cast And Crew Of 'Orange Is The New Black' Unite As 'Vaginas Against Trump',"The Huffington Post, 339 words",10/14/16
A British Magazine Just Summed Up The U.S. Election Perfectly,"The Huffington Post, 411 words",10/14/16
Donald Trump Inspires New NSFW Meaning Of The Acronym 'GOP',"The Huffington Post, 441 words",10/15/16
Site 'Liar Liar Trump On Fire' Gets Creative With Fact-Checking The Republican Nominee,"The Huffington Post, 438 words",10/17/16
Congresswoman Jan Schakowsky Accused of 'Orchestrated Political Violence',"New York Observer, 1291 words",10/19/16
Watch Rudy Giuliani And Mark Cuban Tangle In Their Own Debate,"The Huffington Post, 389 words",10/20/16
This Clip Pretty Much Sums Up Trump's Claims He Has Respect For Women,"The Huffington Post, 464 words",10/20/16
CNN's Van Jones On Donald Trump: 'You Can't Polish This Turd',"The Huffington Post, 482 words",10/20/16
Mortal Kombat's Scorpion To Hillary Clinton: 'Finish Him',"The Huffington Post, 808 words",10/20/16
Australian Comedy Team Fitzy and Wippa Take On Donald Trump In Hilarious Wham! Parody,"The Huffington Post, 452 words",10/24/16
"Trevor Noah: If Trump Is Elected, He'll Wage 'Warsuits'","The Huffington Post, 363 words",10/26/16
Seth Meyers Perfectly Explains How Donald Trump Has Ruined The GOP,"The Huffington Post, 377 words",10/28/16
Looking At Donald Trump's Innards Is The Scariest Thing You'll Do This Halloween,"The Huffington Post, 411 words",10/28/16
Jon Stewart Shows How To Win A Twitter War With Donald Trump,"The Huffington Post, 390 words",11/2/16
"Donald Trump Is Honored To Have The Greatest Temperament, Donald Trump Says","The Huffington Post, 416 words",11/3/16
Bill Maher Destroys Donald Trump On Facebook Live,"The Huffington Post, 417 words",11/3/16
"If Barack Obama Acted Like Donald Trump, He Would Never Be President","The Huffington Post, 499 words",11/3/16
Mariachi Band Booted From In Front Of Trump Tower,"The Huffington Post, 441 words",11/9/16
President Trump Defends Free Speech from Left-Wing Political Violence,"The Conservative Treehouse, 140 words",2/2/17
Education Secretary Betsy Devos Assaulted By Black Lives Matter Protesters During DC School Visit,"The Conservative Treehouse, 323 words",2/10/17
"Derry 'zealot' who resisted British rule through violence and democracy;The IRA's gradual transformation from a terrorist group to a political movement would have been almost impossible without McGuinness's involvement, recalls Andy McSmith","The Independent - Daily Edition, NEWS; Pg. 9, 1055 words",3/22/17
"Is Le Pen really 'far-right'?;By smearing all its opponents as fascists, the left blurs the line between democracy and racism","The Spectator, COLUMNISTS, 1433 words",5/6/17
"Montana, Hell, Let's Talk of the Democrat's LONG History of Political Violence","Publius' Forum, 1720 words",5/29/17
"Both Sides Do It, But Democrats Are Worse: Senseless Political Violence Edition","Lawyers, Guns, and Money, 235 words",6/4/17
"Perfect Weekend: Belfast's blast from the past;Northern Ireland's capital has shed its bloody history and is now a cool city, but tourists can still glimpse bits of its past while chilling out at the hip restaurants and pubs","The Straits Times (Singapore), LIFE, 1759 words",6/11/17
A shootout in Alexandria,"Fausta's Blog, 207 words",6/14/17
"ALL IN for June 14, 2017","MSNBC, ALL IN with CHRIS HAYES 8:00 PM EST, NEWS, 9110 words",6/14/17
Senator Bernie Sanders Apologizes For His Campaign Worker Shooting Members of Congress.,"The Conservative Treehouse, 153 words",6/14/17
Trump Shuns Politics Following Gun Attack on Congressmen,"Voice of America News, VOA ENGLISH SERVICE, 716 words",6/14/17
Bergen: Domestic abuse can portend terror violence,"CNN.com, OPINIONS, 579 words",6/15/17
Trump Shuns Politics Following Gun Attack on Congressmen,"Newstex BlogsVoice of America, 708 words",6/15/17
Tucker Carlson and Mark Steyn Discuss Political Violence,"The Conservative Treehouse, 58 words",6/15/17
‘The Daily’: Political Violence in a Time of Partisanship;The Daily,"The New York Times , PODCASTS; the-daily, 503 words",6/15/17
"Soufan Group: In Wake Of Scalise Shooting, Extremists On Right, Left Seeking To Legitimize Violence","The White House Bulletin, IN THE WHITE HOUSE AND AROUND TOWN, 228 words",6/16/17
The blood of Steve Scalise is on your hands!' 'Right-wing' protester runs on stage during Julius Caesar play which depicts the killing of Trump,"MailOnline, NEWS; Version:2, 590 words",6/17/17
The blood of Steve Scalise is on your hands!' 'Right-wing' protester runs on stage during Julius Caesar play which depicts the killing of Trump,"MailOnline, NEWS; Version:5, 590 words",6/17/17
The blood of Steve Scalise is on your hands!' Protester runs on stage during Julius Caesar play which depicts Trump's assassination,"MailOnline, NEWS; Version:6, 590 words",6/17/17
"Left-wing extremists 'now on the radar screen,' CSUSB professor says","US Official News, 249 words",6/17/17
Political Violence: 'As American as Cherry Pie',"Creators Syndicate, POLITICAL VIOLENCE: 'AS AMERICAN AS CHERRY PIE', 813 words",6/18/17
"Interview with Jay Sekulow; Interview with Sen. Marco Rubio of Florida; Interview with Sen. Angus King of Maine; Will Democrats Win Georgia Sixth Special Election?; Senate Health Bill Shrouded in Secrecy; When Political Division Turns Violent, NBC","NBC News, MEET THE PRESS 10:30 AM EST, NEWS; Domestic, 9026 words",6/18/17
On Political Rhetoric And Political Violence,"NPR Weekend Edition Sunday, Weekend Edition Sunday 12:00 AM EST, 1335 words",6/18/17
OPINION: US no stranger to political violence,"The Lima News (Ohio), COMMENTARY, 854 words",6/18/17
Thomas Lucente: US no stranger to political violence,"The Lima News (Ohio), STATE AND REGIONAL NEWS, 856 words",6/18/17
"America is angry, and the safety catch is off;The Virginia shootings point to an upsurge in political violence","thetimes.co.uk, COMMENT; Version:1, 1100 words",6/18/17
A Few More Words About Political Violence in the Age of Trump,"ColoradoPols.com, 1078 words",6/19/17
Three-Quarters of Americans Say Tone of Political Debate Spurs Violence,"Pensito Review, 77 words",6/20/17
"Political Violence, Who's to Blame","AmmoLand.com, 473 words",6/22/17
Why Does the Far Right Hold a Near-Monopoly on Political Violence?,"The Nation Blogs, 2444 words",6/23/17
Salon: 'Sociopathic' GOP Should Learn From 'Bigot' Scalise's 'Baptism By Fire',"Newsbusters.org, 1749 words",6/25/17
N. Ireland's DUP: A controversial partner for British PM May,"Digital Journal, 750 words",6/26/17
Left wing in US has a history of violence,"Prairie Pundit, 111 words",7/1/17
History Shows That Most American Political Violence is Perpetrated by Leftists,"Publius' Forum, 4260 words",7/1/17
"Trump, GOP, NRA, Alt-Right, Militias All Yearn For Political Violence","FreakOutNation, 830 words",7/2/17
Ascendancy of an activist,"The Columbian (Vancouver, Washington), METRO; Pg. A1, 2031 words",7/2/17
Yingluck faces indictment over payments to protest victims,"The Nation (Thailand), 430 words",7/27/17
"Why republican 'armed struggle' mindset still poses gravest threat to the peace process;Battle to stamp out political violence, north and south, still a work in progress, writes Andrew Lynch","Belfast Telegraph Online, NEWS ANALYSIS; Version:1, 922 words",8/8/17
"Why republican 'armed struggle' mindset still poses gravest threat to the peace process;Battle to stamp out political violence, north and south, still a work in progress, writes Andrew Lynch","Belfast Telegraph, NEWS; Pg. 20, 923 words",8/8/17
"Another politicized, left-wing shooter","GayPatriot, 295 words",8/9/17
A Note About Political Violence,"The Conservative Treehouse, 617 words",8/12/17
Calls For Dem Senator To Resign After Trump Assassination Post - Secret Service Now Involved,"Right Wing News, 1266 words",8/19/17
"Political violence from Virginia to Barcelona;Trump bungled Charlottesville, but let's not forget the other extremists","thetimes.co.uk, COMMENT; Version:1, 1157 words",8/20/17
Quotes On Fascism,"GayPatriot, 216 words",8/21/17
Judge Dismisses Palin's Defamation Suit Against NYT For Political Violence Op-Ed,"Talking Points Memo, 292 words",8/29/17
"Two social media posts hoping for political violence, two different reactions","St. Louis Post-Dispatch (Missouri), NEWS; Pg. A1, 1043 words",9/1/17
New Hampshire Democrats And Dartmouth Professors,"Granite Grok, 779 words",9/4/17
"Momentum builds for session on discipline, reversing cuts","St. Louis Post-Dispatch (Missouri), NEWS; Pg. A1, 940 words",9/8/17
"Under Gerry Adams, Sinn Fein amounts to a malignant growth on the whole island;Is the party being damaged by revelations of a vicious bullying culture","Belfast Telegraph Online, RUTH DUDLEY EDWARDS; Version:1, 691 words",9/11/17
"Under Gerry Adams, Sinn Fein amounts to a malignant growth on the whole island;Is the party being damaged by revelations of a vicious bullying culture, asks Ruth Dudley Edwards","Belfast Telegraph, NEWS; Pg. 20, 682 words",9/11/17
The Progressive Left Continues to Normalize Political Violence,"GayPatriot, 145 words",9/20/17
Washington: SUBMITTED RESOLUTIONS,"Impact News Service, 1623 words",10/4/17
Washington: SUBMITTED RESOLUTIONS,"US Official News, 1623 words",10/4/17
Terror and loss of life not seen since The Troubles,"The Herald (Glasgow); Pg. 3, 1236 words",12/28/17
POLITICAL VIOLENCE: What To Do About The Criminals?,"Newstex BlogsColorado Peak Politics, 192 words",2/16/18
CAN WE PLEASE STOP THIS? How Democrats are Terrorizing our Children,"Newstex BlogsColorado Peak Politics, 358 words",2/21/18
Gentiloni appeals agst violence during election campaign;'Risk of copycat effect',"ANSA English Media Service, 104 words",2/22/18
Assembly rejects bills linked to deadly rally;'We're going to have to make do:' Virginia General Assembly rejects bills tied to violent Charlottesville rally,"Richmond Times Dispatch (Virginia), MAIN; Pg. 1A, 1219 words",3/8/18
"Frustrated, angry Democrats threaten political violence","Prairie Pundit, 364 words",3/18/18
Unhinged John Brennan and Complicit Samantha Power React To Andrew McCabe Firing,"The Conservative Treehouse, 812 words",3/18/18
Jagmeet Singh's troubling dodge,"The Toronto Star, EDITORIAL; Pg. A16, 657 words",3/18/18
Editorial Exchange: Jagmeet Singh's troubling dodges;Editorial Exchange: Jagmeet Singh's troubling dodges,"Canadian Press, NATIONAL, 666 words",3/19/18
NDP leader Jagmeet Singh backs down from decision to punish MP after outcry from caucus;David Christopherson was removed as vice-chair of House procedure committee for breaking ranks with the party,"Breaking News from globeandmail.com, OTHER, 902 words",3/28/18
Singh backs down from punishing MP;Christopherson reinstated as vice-chair of House procedure committee after other NDP members cry foul,"The Globe and Mail (Canada), NEWS; Pg. A3, 684 words",3/28/18
Committee on Children,"CE Noticias Financieras English, 291 words",4/6/18
Segob calls to avoid division,"CE Noticias Financieras English, 483 words",5/14/18
"Guns don't kill presidents, Democrats do.","Newstex BlogsWestern Free Press( Arizona), 1973 words",5/19/18
9 Minutes of Terror,"Washingtonian, ; Pg. 60-67, 179-183, 6152 words",6/1/18
"Despite all the warnings, we are normalising Donald Trump;The president visits the UK in July - it's vital to make clear we have clear moral lines and he has crossed them many times","The Guardian(London), OPINION; Version:1, 1082 words",6/8/18
"Representative Maxine Waters Rallies Mob, Demands Political Violence Against Trump Administration","The Conservative Treehouse, 120 words",6/25/18
"GOP's New 'Unhinged' Ad Features Kathy Griffin, Samantha Bee, Fires, Chaos, And Of Course, Maxine Waters","Mediaite, 262 words",6/27/18
California Democrat Arrested For Death Threats Toward FCC Chairman Ajit Pai and His Family,"iOTWreport, 215 words",6/30/18
California Democrat Arrested For Death Threats Toward FCC Chairman Ajit Pai and His Family,"The Conservative Treehouse, 430 words",6/30/18
"It's hard to please both southern voters and the IRA;Mary Lou McDonald has a tough time while she rides two such incompatible horses, writes Ruth Dudley Edwards","Sunday Independent, NEWS; Pg. 23, 732 words",7/1/18
"A Maxine Waters Terrorist arrested for death threats against R-NY Congressman, staff","iOTWreport, 113 words",7/7/18
More of Maxine's People - Another Democrat Arrested For Death Threats Against Republican Congressman,"The Conservative Treehouse, 468 words",7/7/18
Lighting a fuse in Northern Ireland,"Gulf News (United Arab Emirates), 898 words",7/19/18
Maxine Waters Terror Activist Arrested With Guns and Extensive Bomb-making Material,"iOTWreport, 267 words",7/19/18
Mad Maxine Follower: South Dakota Police/FBI Arrest Antifa Activist With Guns and Extensive Bomb-making Material,"The Conservative Treehouse, 729 words",7/19/18
Activists Fear Far-Right Rally In Portland Could Be Most Violent Since Charlottesville,"The Huffington Post, 1854 words",8/3/18
Democrat Bully Tactics Are Getting Out of Control,"Moonbattery, 915 words",9/12/18
"Political Violence, Alive and Well in 2018 ~ VIDEO","AmmoLand.com, 501 words",10/3/18
Kennedy Clashes With Dem Strategist Over Whether Democrats Are Responsible for Political Violence,"Mediaite, 245 words",10/5/18
Trump decries 'political violence' after years of stoking it,"Politico.com, POLITICOPICKS, 1511 words",10/12/18
Unhinged Man Assaults Fareed Campaign Canvasser,"Targeted News Service, 370 words",10/12/18
Pro-Trump Gang Seen In Footage Assaulting Anti-Fascist Protesters In Manhattan,"The Huffington Post, 1255 words",10/13/18
Violent Political Clashes On Both Coast Over The Weekend ~ VIDEOS,"AmmoLand.com, 1127 words",10/15/18
"U.S. political violence goes coast to coast as Proud Boys and antifa activists clash in New York, Portland","Postmedia Breaking News, WORLD, 1138 words",10/15/18
Fascism in America is a product of the left like it was in Germany,"Prairie Pundit, 122 words",10/15/18
Sean Hannity Said He 'Never Heard Of' Proud Boys But Had Member On His Show In 2017,"The Huffington Post, 648 words",10/16/18
Fox Friends Guest: The Democratic Party is a 'Full-Blown Socialist Party' That 'Endorses Antifa',"Mediaite, 558 words",10/19/18
GOP Leader Appears With Far-Right 'Proud Boys' Street Gang in 'Attack' on Democratic Campaign Office,"Law and Crime, 1167 words",10/20/18
Political Violence - 'Collateral Damage' Courtesy of The Democrat Mob,"The Conservative Treehouse, 87 words",10/20/18
Stop The Left's Violent Attacks Against Republicans [VIDEO],"iOTWreport, 42 words",10/21/18
GOP Leader Appears With Far-Right 'Proud Boys' Street Gang in 'Attack' on Democratic Campaign Office,"LawZ, 794 words",10/22/18
"Explosive devices sent to Clintons, Obama and CNN offices"," FT.com, 1503 words",10/24/18
Trump says political violence 'has no place' in US,"Agence France Presse -- English, 105 words",10/24/18
"Trump condemns series of attempted attacks on Democrats, CNN","Associated Press International, WASHINGTON DATELINE, 1024 words",10/24/18
"Trump condemns series of attempted attacks on Democrats, CNN","Associated Press State & Local, STATE AND REGIONAL, 1024 words",10/24/18
The Atlantic Politics & Policy Daily: Threats by Mail,"Atlantic Online, 626 words",10/24/18
"Trump condemns series of attempted attacks on Democrats, CNN;Trump condemns series of attempted attacks on Democrats, CNN","Canadian Press, INTERNATIONAL, 1023 words",10/24/18
Trump decries violence but calls on media to end 'hostility';Trump decries violence but calls on media to end 'hostility',"Canadian Press, INTERNATIONAL, 620 words",10/24/18
Trump condemned attempts of attack with explosive packages to democrats in the USA.,"CE Noticias Financieras English, 333 words",10/24/18
"Jeff Zucker Blasts Donald Trump, Sarah Sanders After Bomb Sent To CNN HQ: Media Attacks \Matter\""""","Deadline, 446 words",10/24/18
"Sean Hannity Blasts Left's \Selective Moral Outrage\"" After Bomb Threats""","hollywoodreporter.com, NEWS; TAG, 517 words",10/24/18
"14,000 Immigrants Once Again On The Move In Southern Mexico Trekking Toward The U.S. Border; Suspicious Packages Sent To Time Warner Center, Clinton, and Obama; Thirteen Days Until The Midterms; Sen. Kamala Harris: Americans Must Be 'Welcoming', 'Tolerant' to Caravan; Suspicious Packages Mailed To Clintons, Obamas, And CNN; Trump Rallies Voters In WI","Lou Dobbs Tonight, LOU DOBBS TONIGHT 7:00 PM EST, NEWS; Financial, 6581 words",10/24/18
Did you see how nice I'm behaving': Trump calls for a 'civil tone' in wake of bombing attempts on his political rivals as he makes Hollywood-style entrance by pulling up to Wisconsin rally in Air Force One,"MailOnline, NEWS; Version:7, 2416 words",10/24/18
"MTP DAILY WITH CHUCK TODD for October 24, 2018","MSNBC, MTP DAILY 5:00 PM EST, NEWS; Domestic, 8549 words",10/24/18
"Trump condemns series of attempted attacks on Democrats, CNN","Postmedia Breaking News, PMN NEWS, 465 words",10/24/18
"Trump Urges Unity, Says Violence Has No Place in US Politics After Bombs Sent to Democrats","Sputnik News Service, 169 words",10/24/18
Donald Trump speaks out after bomb threat saying: 'Political violence has no place in the US',"standard.co.uk, WORLD; Version:1, 356 words",10/24/18
"Trump condemns series of attempted attacks on Democrats, CNN","The Associated Press, WASHINGTON DATELINE, 1024 words",10/24/18
"Trump condemns 'political violence' after pipe bombs sent to prominent Democrats, says 'we have to unify'","The Business Insider, 1036 words",10/24/18
"Trump condemns series of attempted attacks on Democrats, CNN","The Today File, 498 words",10/24/18
Trump condemns political violence,"Aberdeen Evening Express, NWS; Pg. 10, 318 words",10/25/18
"Trump calls for unity, condemns violence after series of explosive devices sent to top Democrats","Armenpress News Agency (English), 229 words",10/25/18
Trump decries violence but calls on media to end 'hostility',"Associated Press International, DOMESTIC NEWS, 621 words",10/25/18
Bomb threats highlight risk of violent political rhetoric,"Associated Press International, POLITICAL NEWS, 1227 words",10/25/18
Trump decries violence but calls on media to end 'hostility',"Associated Press State & Local, STATE AND REGIONAL, 621 words",10/25/18
Trump condemns political violence but demands end to media 'hostility';The president was speaking as investigators hunted the perpetrator of thwarted bomb attacks against senior Democrats and others.,"Belfast Telegraph Online, WORLD; Version:1, 610 words",10/25/18
Trump calls for unity after mail bombs,"Daily Nation (Kenya), 123 words",10/25/18
US bomb threats: Critics blame Trump's toxic rhetoric,"Deutsche Welle World, 713 words",10/25/18
Sen. Ben Sasse interviewed,"Federal News Service, 1701 words",10/25/18
My Comrades Will Kill You': Pipe Bombs Sent in Year of Many Death Threats Against Politicians,"Governing, STATE AND REGIONAL NEWS, 1359 words",10/25/18
Trump should be worried about political violence,"Gulf Times, 514 words",10/25/18
"No place for political violence': Trump condemns sending of crude pipe bombs to Obama, Clintons","India TV, 1540 words",10/25/18
Survey: 1 In 7 Americans Are OK With Political Violence At Least 'Sometimes',"Investor's Business Daily, EDITORIALS, 639 words",10/25/18
Sarah Sanders says 'everyone has a role to play' in preventing violence but it's 'absolutely ludicrous' to blame the president for bomb threats against liberals as Trump doubles down on claim that it's the media's fault,"MailOnline, NEWS; Version:12, 2048 words",10/25/18
"Trump calls for unity, asks media to be responsible after suspicious packages sent to Democrats","Millennium Post Newspaper, 712 words",10/25/18
I'll thoroughly investigate suspicious packages – Trump,"News Chronicle (Nigeria), 226 words",10/25/18
NJ Legislative Leaders United In Condemnation of Attempted Bomb Attacks,"Newstex BlogsNew Jersey Senate Republican Caucus, 397 words",10/25/18
"After Suspicious Packages, Trump Tones Down Partisan Rhetoric, Attacks Media","NPR All Things Considered, All Things Considered 08:00 PM EST, 847 words",10/25/18
QUOTES OF THE DAY,"Press Association Mediapoint, HOME NEWS, 382 words",10/25/18
Donald Trump accused of hypocrisy over attack on 'media hostility' after pipe bombs sent to high-profile Democrats,"standard.co.uk, WORLD; Version:2, 897 words",10/25/18
Trump calls on media to end 'hostility' after thwarted bombs,"Telegraph Herald (Dubuque, IA), B; Pg. 8, 478 words",10/25/18
Trump decries violence but calls on media to end 'hostility',"The Associated Press, DOMESTIC NEWS, 621 words",10/25/18
"Trump Calls For \Unity\"";Commentators, Democrats Blame Him For Climate Of Violence""","The Frontrunner, LEADING THE NEWS, 4027 words",10/25/18
Donald Trump attacks media 'hostility' after attempted pipe bombings;US president says reporters have responsibility to set civil tone in speech after political opponents were targeted,"The Guardian(London), US NEWS; Version:5, 992 words",10/25/18
Twitter Explodes After 'Gaslighter' Sarah Sanders Accuses CNN Of Dividing America,"The Huffington Post, 1167 words",10/25/18
Trump condemns pipe bombs sent to Obama and Clinton,"The National (Scotland), 394 words",10/25/18
Alert after Obama and Clintons receive bombs in the post,"The Times (London), NEWS; Pg. 29, 501 words",10/25/18
Alert after Obama and Clintons receive bombs in the post,"The Times (London), NEWS; Pg. 35, 501 words",10/25/18
Alert after Obama and Clintons receive bombs in the post,"The Times (London), NEWS; Pg. 35, 504 words",10/25/18
Alert after Obama and Clintons receive bombs in the post,"The Times (London), NEWS; Pg. 37, 503 words",10/25/18
Bomb threats highlight risk of violent political rhetoric,"The Today File, 1272 words",10/25/18
Bomb alerts: Suspect package sent to Robert De Niro restaurant;Trump calls for unity and more respectful politics,"thetimes.co.uk, WORLD; Version:13, 1192 words",10/25/18
"Usual Dumbasses Declare Mail Bombs A Democrat Plot, Because Dumbasses","Wonkette, 1951 words",10/25/18
Mail bomb investigation collides with midterms' final weeks,"Associated Press International, POLITICAL NEWS, 762 words",10/26/18
Mail bomb investigation collides with midterms' final weeks,"Associated Press State & Local, POLITICAL NEWS, 762 words",10/26/18
Democrats no match for nationalist Trump;The willingness to go lower than many of us thought possible in U.S. politics is Mr. Trump s secret weapon,"Breaking News from globeandmail.com, OTHER, 855 words",10/26/18
Bomb scare rattles those touched by past political violence;Bomb scare rattles those touched by past political violence,"Canadian Press, INTERNATIONAL, 1331 words",10/26/18
Mail bomb investigation collides with midterms' final weeks;Mail bomb investigation collides with midterms' final weeks,"Canadian Press, INTERNATIONAL, 761 words",10/26/18
Package Bomb Suspect Faces Five Charges,"Congressional Quarterly News, 613 words",10/26/18
Bombing Suspect Arrested,"Crime and Consequences, 280 words",10/26/18
Trump hails arrest of mail bomb suspect as more packages surface,"Dayton Daily News (Ohio), NEWS, 536 words",10/26/18
"Man arrested in package bombs identified, charged with five counts","dpa international (Englischer Dienst), 99 words",10/26/18
"Man arrested in package bombs identified, charged with five counts","dpa-AFX International ProFeed, 108 words",10/26/18
Trump condemns mailing of suspicious packages as arrest made,"dpa-AFX International ProFeed, 563 words",10/26/18
Police charge suspect in package bombs with five federal crimes,"dpa-AFX International ProFeed, 681 words",10/26/18
they said what?,"Evening Chronicle, FEATURES; Pg. 65, 374 words",10/26/18
Discussion of bombing suspect,"Federal News Service, 2112 words",10/26/18
"Federal Authorities Arrested Suspect In Mailing Of The Suspicious Packages To Prominent Democrats; 14,000 Central American Migrants Continuing Their Push North Through Mexico Toward Southern Border; President Donald Trump Addresses Young Black Leadership Summit At White House; Caravan Crisis; Facebook Removes 82 Iranian Accounts Promoting Political Disinformation; Turkey Seeks Extradition Of 18 Suspects In Jamal Khashoggi Murder; Trump To Send 800 Troops To Southern Border; Trump Rallies In NC","Lou Dobbs Tonight, LOU DOBBS TONIGHT 7:00 PM EST, NEWS; Financial, 6488 words",10/26/18
Trump Speaks After Bomb Suspect Arrested: 'We Must Never Allow Political Violence to Take Root in America',"Mediaite, 155 words",10/26/18
Trump calls on media to end 'hostility'after thwarted bombs,"Medicine Hat News, WORLD; Pg. C6, 517 words",10/26/18
Rep. Schiff on KTLA 5: Divisive Nature of Trump's Rhetoric Has Consequences,"Newstex BlogsRep. Adam Schiff - Video (California), 119 words",10/26/18
Cicilline Statement on Arrest of Mail Bombing Suspect,"Newstex BlogsRep. David Cicilline (Rhode Island), 204 words",10/26/18
Group of House Democrats calls on Pompeo to condemn Brazil's Bolsonaro,"Politico.com, POLITICOPICKS, 485 words",10/26/18
Cicilline Slams Trump For \x91stoking’ Political Violence,"Providence Journal, A; Pg. 12, 790 words",10/26/18
REP. FRANKEL STATEMENT ON BOMB THREATS TO DEMOCRATS,"States News Service, 106 words",10/26/18
Trump Changes Tone From 'Bomb Stuff' To Calling Attempted Attacks 'Despicable',"Talking Points Memo, 129 words",10/26/18
Mail bomb investigation collides with midterms' final weeks,"The Associated Press, POLITICAL NEWS, 762 words",10/26/18
Why are fake bombs sent to Democrats more shocking than real ricin packages to Republicans?,"The Geller Report, 1320 words",10/26/18
They said what?,"The Journal (Newcastle, UK), NEWS; Pg. 33, 298 words",10/26/18
Bomb scare rattles those touched by past political violence,"The Today File, 1339 words",10/26/18
Bombs and a Murder: Trump and MBS Share Even More Than You Think,"Tikun Olam: Make The World A Better Place, 2173 words",10/26/18
Rep. Frankel Statement on Bomb Threats to Democrats,"US Official News, 121 words",10/26/18
Rep. Frankel Statement on Bomb Threats to Democrats,"US Official News, 121 words",10/26/18
AP FACT CHECK: Did Trump think mail bombs were liberal plot?,"Associated Press International, BUSINESS NEWS; AP Fact Check, 2165 words",10/27/18
A President Who Condones Political Violence,"Michael-In-Norfolk - - Coming Out In Mid Life, 888 words",10/27/18
President Trump blasts the media at a late-night rally in North Carolina,"NBC News, TODAY SHOW 7:00 AM EST, NEWS; Domestic, 1738 words",10/27/18
Suspect Charged With 5 Federal Crimes in Mail Bombs Sent to Trump Opponents,"Newstex BlogsWestern Free Press( Arizona), 1074 words",10/27/18
AP FACT CHECK: Did Trump think mail bombs were liberal plot?,"Postmedia Breaking News, PMN BUSINESS, 2180 words",10/27/18
NYC offices of CNN evacuated over package,"The Acorn: Drew University, NEWS; Pg. 1, 485 words",10/27/18
Bomb scare rattles those touched by violence,"The Bismarck Tribune, C; Pg. 2, 854 words",10/27/18
OPINION;The Democrats are no match for 'nationalist' Trump,"The Globe and Mail (Canada), OPINION; Pg. O11, 808 words",10/27/18
Michael Moore: Fox News Helped Create Generation Of 'Violent Conspiracy Theorists',"The Huffington Post, 318 words",10/27/18
DEFUSE AMERICA’S EXPLOSIVE POLITICS,"Wall Street Journal Abstracts, A; Pg. 13, 34 words",10/27/18
Acts or threats,"Daily Record and Sunday Mail, NEWS; Pg. 32, 47 words",10/28/18
Pence rejects any link between Trump's rhetoric and attacks,"Politico.com, POLITICOPICKS, 580 words",10/28/18
Everyone has their own style': Pence says Trump's inflammatory rhetoric had nothing to do with synagogue gun rampage,"Postmedia Breaking News, WORLD, 792 words",10/28/18
Everyone has their own style': Pence says Trump's inflammatory rhetoric had nothing to do with synagogue gun rampage,"Postmedia Breaking News, WORLD, 823 words",10/28/18
Bomb scare rattles those touched by past political violence,"St. Louis Post-Dispatch (Missouri), NEWS; Pg. A8, 1287 words",10/28/18
"Trump lashes out at Tom Steyer, calling him a 'crazed stumbling lunatic' days after a suspicious package was sent to the liberal billionaire","The Business Insider, 1037 words",10/28/18
Pence: Don't link political rhetoric to Pittsburgh,"The Daily Gleaner (New Brunswick); Pg. B1, 484 words",10/29/18
"Trump Slams \Wacky Tom Steyer\"" For Accusing Him Of Sparking \""Political Violence.\""""","The Frontrunner, LEADING THE NEWS, 726 words",10/29/18
Pence: Don't link political rhetoric to Pittsburgh synagogue shooting,"The Telegraph-Journal (New Brunswick); Pg. A7, 485 words",10/29/18
Pence: Don't link political rhetoric to Pittsburgh synagogue shooting,"The Times & Transcript (New Brunswick); Pg. B12, 484 words",10/29/18
Violence Ahead Of US Election Puts Trump's Harsh Rhetoric In Focus,"Alliance News, 728 words",10/30/18
Political Violence - Republican Party Headquarters Shot Up in Florida,"AmmoLand.com, 770 words",10/30/18
Violence ahead of US election puts Trump's harsh rhetoric in focus,"dpa-AFX International ProFeed, 799 words",10/30/18
What Is at Stake in the US Midterm Elections?,"Fair Observer, 1300 words",10/30/18
Violence Ahead Of US Election Puts Trump's Harsh Rhetoric In Focus,"Live Briefs PRO Global Markets, 722 words",10/30/18
"DIVERSE COALITION SAYS PRESIDENT TRUMP EMBRACES ANTISEMITISM, LABELS PITTSBURGH SYNAGOGUE SHOOTING 'DIRECT RESULT OF RHETORIC THAT DEMONIZES JEWS AND CELEBRATES POLITICAL VIOLENCE'","States News Service, 495 words",10/30/18
Andrew Gillum: Trump Needs To Learn His Lesson And Grow Up,"The Huffington Post, 959 words",10/30/18
Cicilline Statement on Arrest of Mail Bombing Suspect,"US Official News, 202 words",10/30/18
Another 'Civil War'? Pessimism About Political Violence Deepens In A Divided Nation,"NPR All Things Considered, All Things Considered 08:00 PM EST, 749 words",10/31/18
Muslim Advocates Issues Statement on President Trump,"Targeted News Service, 270 words",11/1/18
Who’s to Blame for American Political Violence?,"The New York Times , OPINION, 749 words",11/1/18
It's Time to Stand Up for Journalists [press release],"Global Witness, 684 words",11/2/18
Politico Poll: Americans Blame Trump and Media for Dividing the Country,"Mediaite, 234 words",11/2/18
"Michael Cohen Drops Bombshell: Trump Made Racist Comments, Said Black People 'Too Stupid' to Vote For Him","Mediaite, 542 words",11/2/18
Trump 'calls real things fake and fake things real': Republican Jeff Flake grabs Trump by the collar over his claim that 'fake news' is behind political violence,"The Business Insider, 888 words",11/3/18
Half Of Americans Say Trump Incites Political Violence,"jobsanger, 137 words",11/4/18
Why is the New York Times publishing fascist propaganda?,"Lawyers, Guns, and Money, 980 words",11/5/18
Billionaire former New York mayor Michael Bloomberg throws himself into center of midterms and 2020 speculation with massive $5 million ad buy in primetime,"MailOnline, NEWS; Version:6, 604 words",11/5/18
"A 'blue surge' is due - but without a popular leader Democrat success is unlikely to last beyond the midterms;There seems to be no'story'that can win back, on a permanent, national basis, the blue-collar vote that defected to Trump in 2016","The Independent (United Kingdom), EDITORIALS; Version:1, 880 words",11/5/18
Mail bomb suspect to appear in New York court on Tuesday,"dpa-AFX International ProFeed, 181 words",11/6/18
"CNN, Obama mail bomb suspect to be detained without bail in New York","dpa-AFX International ProFeed, 202 words",11/6/18
A 'blue surge' won't last past the midterms without some Democrat charisma,"The Independent - Daily Edition, NEWS; Pg. 2, 881 words",11/6/18
Society did not neglect war veterans,"Irish Independent, REVIEW;NEWS; Pg. 6,7, 1152 words",11/10/18
The Atlantic Politics & Policy Daily: Wing Leaders,"Atlantic Online, 619 words",11/14/18
Political violence as a symptom of democracy in decline,"The California Aggie: University of California, Davis, OPINION; Pg. 1, 796 words",11/20/18
The elephant in the room,"The McGill Tribune: McGill University, OPINION; Pg. 1, 606 words",11/20/18
Finding Excuses to Blame the Left in the Wake of Right-Wing Terror," Extra!, 825 words",12/1/18
From death to a larger liberty,"Daily Financial Times, 1067 words",1/9/19
Attack on AfD's Bremen leader leaves Germany's left wing paralysed;Far-right party has taken opponents' hesitation as proof of double standards,"The Irish Times, WORLD; Pg. 9, 682 words",1/10/19
Venezuela: Call It What It Is—a Coup,"The Nation Blogs, 806 words",1/25/19
IRISH PLAY CELEBRATES CHILDHOOD AT PLAY,"South Bend Tribune (Indiana); T; Pg. T6, 752 words",2/14/19
"For Hong Kong democrats, a time to reflect: is there a way forward?","Hong Kong Free Press, 4497 words",2/23/19
"U.S. Attorney decries \political violence\"" of GOP fire""","The Wyoming Tribune-Eagle (Cheyenne), LOCAL NEWS; news; Pg. 2, 438 words",3/20/19
Thailand's election explained: a battle royale for junta's Prayuth Chan-ocha and the Shinawatras,"South China Morning Post.com, ASI, 1743 words",3/22/19
Republican Trump supporter Cesar Sayoc pleads guilty to sending pipe bombs to president's critics,"standard.co.uk, CRIME; Version:1, 351 words",3/22/19
Police hunt killer of Lyra McKee as leaders unite in condemnation;Northern Ireland's six main parties say they reject those responsible for journalist's death,"The Guardian(London), NEWS; Version:6, 1045 words",4/19/19
Why President Trump 'Thinks' He's Pro Gun,"AmmoLand.com, 1011 words",6/14/19
Antifa activist shot and killed by police during ATTACK on ICE detention center; PRAISED as a 'martyr'!,"The Last Tradition, 141 words",7/14/19
7 Disturbing Episodes Of Left-Wing Violence That Have Occurred Since Trump Was Elected,"Right Wing News, 486 words",7/23/19
CRIST: REPUBLICANS BLOCK HOUSE PASSAGE OF VENEZUELAN TPS,"States News Service, 169 words",7/23/19
CRIST APPLAUDS HOUSE PASSAGE OF VENEZUELAN TPS,"States News Service, 204 words",7/25/19
Washington state hires firm to investigate Republican,"Times Colonist (Victoria, British Columbia), CANADA; Pg. A6, 317 words",7/30/19
2 Proud Boys convicted in 2018 clash with protesters,"The Today File, 154 words",8/19/19
Two Proud Boys Convicted For 'Brutal Act Of Political Violence' Outside GOP Club,"Gothamist, 677 words",8/20/19
Jury Convicts Two Members Of Proud Boys In Manhattan Brawl,"The Frontrunner, WASHINGTON NEWS, 159 words",8/20/19
Proud Boys Convicted In NY Beating As Trump Calls For Labeling Their Targets A Terror Group,"The Huffington Post, 970 words",8/20/19
Shea very unlikely to be expelled from legislature Washington House has ousted only one lawmaker,"Spokesman Review (Spokane, WA), A; Pg. 001, 1713 words",9/1/19
Identity fusion' with leaders boosts support for political violence,"Newstex Blogs Futurity.org, 560 words",9/3/19
COLLINS STATEMENT ON H.R. 2708 MARKUP,"States News Service, 484 words",9/10/19
"Meanwhile, in Ohio: inciting political violence in defense of corporate bailouts","Newstex Blogs Lawyers, Guns, and Money, 1016 words",9/15/19
Tim 'Chairman' Eyman hearts militant extremist Matt Shea: 'You're awesome!',"Newstex BlogsNorthwest Progressive Institute Advocate( Virginia), 1423 words",9/30/19
Trump violently attacks media figures in supporter's event meme: NYT,"Newstex Blogs Digital Journal, 257 words",10/14/19
Trump Violently Attacks Media Figures In Supporter's Event Meme: NYT,"Newstex Blogs International Business Times News, 281 words",10/14/19
Trump Violently Attacks Media Figures In Supporter Event Meme: NYT,"Newstex Blogs International Business Times News, 387 words",10/14/19
White House Condemns Video Of Fake Trump Attacking Media,"Newstex Blogs International Business Times News, 541 words",10/14/19
Opponents of Trump seen as bigger threat of violence,"Newstex Blogs Prairie Pundit, 254 words",11/22/19
Probe of Rep. Shea completed Lawmakers set to receive findings of House-ordered investigation,"Spokesman Review (Spokane, WA), C; Pg. 001, 777 words",11/30/19
Valley Democrat challenges Rep. Shea,"Spokesman Review (Spokane, WA), C; Pg. 002, 684 words",12/18/19
Investigation finds Washington state representative took part in 'domestic terrorism',"CNN.com, POLITICS, 772 words",12/20/19
Terrorist Matt Shea must be expelled from the Washington State House of Representatives,"Newstex BlogsNorthwest Progressive Institute Advocate( Virginia), 1155 words",12/20/19
"Republican Matt Shea 'participated in act of domestic terrorism', says report;Report produced for Washington state legislature following reporting from the Guardian and other outlets on Shea's activities","The Guardian(London), US NEWS; Version:3, 1071 words",12/20/19
Trump loyalist who wants to set up 51st state based on far-right Christian values accused of domestic terrorism;Matt Shea dismisses official report as 'sham investigation',"The Independent (United Kingdom), AMERICAS; Version:4, 870 words",12/20/19
Have a very fascist Christmas!,"Newstex Blogs Lawyers, Guns, and Money, 494 words",12/23/19
Report Claims Washington State Lawmaker Participated In Act Of Terrorism,"NPR All Things Considered, All Things Considered 11:00 AM EST, 947 words",12/23/19
Guinea Monthly Briefing January 2020," ARC Briefing Guinea, 2548 words",1/1/20
Experts clash over claim second independence vote will spark violence,"thetimes.co.uk, NEWS; Version:1, 566 words",1/7/20
Two More Bernie Sanders Field Organizers Affirm Support for Soviet Communism,"Newstex Blogs Moonbattery, 555 words",1/28/20
"After Legislator Calls for Shooting People With Different Political Opinions, DGA Calls on Greg Gianforte to Condemn Political Violence","Targeted News Service, 207 words",2/6/20
Republican leaders condemn van attack on Jacksonville voter drive,"Newstex BlogsFlorida Politics, 703 words",2/9/20
Political Violence is Rising and Escalating,"Newstex Blogs Granite Grok, 781 words",2/10/20
Michael Bloomberg sees congregants turn their backs on him in historically black church in Selma;Billionaire candidate joins presidential hopefuls to recognise 55th anniversary of Bloody Sunday bridge-crossing in Alabama,"The Independent (United Kingdom), US ELECTION; Version:2, 367 words",3/1/20
United States : Sen. Cruz Co-Sponsors Resolution to Censure Sen. Schumer for Threatening Supreme Court Justices,"TendersInfo, 94 words",3/11/20
International Republican Institute and Dartmouth's Political Violence FieldLab Partner on Research and Evaluation to Strengthen Democracy,"Targeted News Service, 215 words",3/14/20
Republican repeats call for political violence,"The Santa Fe New Mexican, B; Pg. 1, 532 words",5/28/20
New Report Finds Many Voters in Both Parties Are Open to Questioning the Legitimacy of the Election If Their Candidate Loses;One in ten Democrats and Republicans say political violence will be called for if their side doesn't win the White House in 2020,"Business Wire, 668 words",6/29/20
Sinn Féin is no closer to achieving a united Ireland than it was in 1994,"Irish News; A3F2, 337 words",7/17/20
Leftist Political Violence: Murder of black Trump supporter Bernell Trammell spurs call for federal investigation,"Newstex Blogs The Last Tradition, 267 words",7/25/20
BlogQuestion of the Day - horrible for those trapped within it but they decided to make it all political,"Newstex Blogs Granite Grok, 615 words",7/29/20
"John Hume, Northern Ireland Political Icon, Nobel Peace Prize Recipient, Dies At 83","Newstex Blogs International Business Times News, 864 words",8/3/20
"Senator Ted Cruz calls riots 'organized terror attacks', slams Black Lives Matter protesters as 'avowed Marxists' and blasts Democrats for 'letting cities burn' ahead of his Antifa hearing","MailOnline, NEWS; Version:2, 1127 words",8/4/20
CHARLIE KIRK: Democrats Are In Willful Denial About Antifa,"The Daily Caller, OPINION, 690 words",8/5/20
What the MSM Was Afraid to Tell You,"Newstex Blogs Moonbattery, 341 words",8/9/20
Justin Ling: Someone is going to get killed,"Postmedia Breaking News, FULL COMMENT, 1233 words",8/13/20
Justin Ling: Threats to Trudeau and his cabinet up 30% - someone is going to get killed,"Postmedia Breaking News, FULL COMMENT, 1233 words",8/13/20
Justin Ling: Threats to Trudeau and his cabinet up 30% - someone is going to get killed,"Postmedia Breaking News, FULL COMMENT, 1233 words",8/13/20
"Someone is going to get killed; Violent harassment of politicians is now routine, Justin Ling writes","The Star Phoenix (Saskatoon, Saskatchewan), OPINION; Pg. A6, 1231 words",8/14/20
Violence against politicians must be met head on,"The Daily Gleaner (New Brunswick), COMMENTARY; Pg. A7; Commentary, 1238 words",8/19/20
Violence against politicians must be met head on,"The Telegraph-Journal (New Brunswick), COMMENTARY; Pg. A7, 1237 words",8/19/20
Violence against politicians must be addressed head on,"The Times & Transcript (New Brunswick), COMMENTARY; Pg. A11, 1237 words",8/19/20
"President Trump Sending Federal Officers to Support Law Enforcement in Kenosha, Wisconsin","Newstex Blogs The Conservative Treehouse, 673 words",8/26/20
Political violence: thinking about the unthinkable,"Newstex Blogs The Rational Optimist, 1184 words",8/27/20
Rand Paul Calls Out Democrat Silence On Political Violence: 'This Mob Is Their Voters',"Newstex Blogs Tony Phyrillas, 74 words",8/29/20
Watch Prominent Democrats Call for Violence,"Newstex Blogs Moonbattery, 208 words",9/1/20
Donald Trump has dragged Joe Biden on to his own turf," FT.com, 791 words",9/2/20
Bennet brazenly takes every possible stance on violent protests,"Newstex BlogsColorado Peak Politics, 314 words",9/2/20
Trump has dragged Biden on to his own turf,"Financial Times (London, England), NEWS; Pg. 17, 784 words",9/3/20
Trump has dragged Biden on to his own turf,"Financial Times (London, England), NEWS; Pg. 17, 784 words",9/3/20
Trump has dragged Biden on to his own turf,"Financial Times (London, England), NEWS; Pg. 19, 784 words",9/3/20
Trump has dragged Biden on to his own turf,"Financial Times (London, England), NEWS; Pg. 23, 784 words",9/3/20
Opinion | Robert Kennedy's Lesson on Political Violence That Joe Biden Needs to Learn,"Politico.com, POLITICOPICKS, 1711 words",9/9/20
Evidence Accrues That Black Lives Matter Is a Terrorist Organization,"Newstex Blogs Moonbattery, 573 words",9/10/20
Hume: Rest in peace,"Eolas Magazine; issue-41public-affairs, 1660 words",9/11/20
Democrats in Deep With Black Lives Matter Riots,"Newstex Blogs Moonbattery, 805 words",9/11/20
Brexit Is the IRA's Biggest Recruitment Tool,"Newstex Blogs Foreign Policy, 2073 words",9/14/20
"RICHARDS: In A Time Of Violence, Americans Must Take A Stand Against Lawlessness","The Daily Caller, OPINION, 1117 words",9/14/20
Hume: Rest in peace,"AgendaNi; issue-101public-affairs, 1407 words",9/15/20
The political extortion of the left in this country,"Newstex Blogs Prairie Pundit, 105 words",9/15/20
US and Eh?! Show - Tonight!,"Newstex Blogs iOTWreport, 165 words",9/23/20
Patel: Democrats' Complaints About The Coming Supreme Court Vote Don't Pass The Smell Test,"The Daily Caller, OPINION, 1150 words",9/25/20
Far-Right Group That Trades in Political Violence Gets a Boost,"The New York Times , US, 1586 words",9/30/20
"The Proud Boys, Who Trade in Political Violence, Get a Boost From Trump","Economic News, 1557 words",10/1/20
Opinion | Americans Increasingly Believe Violence is Justified if the Other Side Wins,"Politico.com, POLITICOPICKS, 1593 words",10/1/20
Far-Right Group That Trades in Political Violence Gets a Boost,"The New York Times, Section A; Column 0National Desk; Pg. 18, 1554 words",10/1/20
MALCOLM: Let's avoid dishonest spin and focus on what unites,"Toronto Sun, COLUMNISTS, 836 words",10/4/20
"IRA threat to Brexit border posts in Ulster: Checkpoints in Northern Ireland could become targets for dissident republicans after we leave EU, MPs warn","MailOnline, NEWS; Version:2, 762 words",10/5/20
HOUSE DEMOCRATIC LEADER CHRISTINE GREIG ON THE RIGHT-WING MILITIA'S PLAN TO KIDNAP GOVERNOR WHITMER,"States News Service, 164 words",10/8/20
Domestic Terrorism,"The New York Times , BRIEFING, 1835 words",10/9/20
U.S. on the edge of a civil war,"Tehran Times, 1104 words",10/10/20
Unionism was first to use political violence in support of dictatorship,"Irish News; A3F2, 108 words",10/13/20
"As Trump’s Language Grows More Heated, Fears Rise of Political Violence","The New York Times , US; politics, 1870 words",10/15/20
American Nightmare,"The Almanian: Alma College, NEWS; Pg. 1, 798 words",10/16/20
"As Trump's Language Grows More Heated, Fears Rise of Political Violence","The New York Times - International Edition, US, 1871 words",10/17/20
Professor Calls Out GOP After Fmr Trump Official Blames President for Inspiring Political Violence,"Newstex Blogs Law and Crime, 880 words",10/18/20
"Turkey and Hungary's Autocratic Ruling Parties Similar To US Republican Party, Study Finds","Newstex Blogs International Business Times News, 571 words",10/26/20
CONSEQUENCES OF POLARIZATION,"Pittsburgh Post-Gazette, EDITORIAL; Pg. A-10, 426 words",10/28/20
CONSEQUENCES OF POLARIZATION,"Pittsburgh Post-Gazette, OPINION; Pg. A-10, 426 words",10/28/20
USA.- USA chooses between four more trump years or change with Biden,"CE Noticias Financieras English, 1214 words",11/2/20
Trump Promotes Political Violence In Defense Of Supporters Who Swarmed Biden Bus,"Newstex Blogs The Huffington Post, 1533 words",11/2/20
Election Day is almost here: What are the chances of serious political violence?,"Salon.com, 2763 words",11/2/20
"On the Eve of Election Day, Harvard Students Report Anxiety and Anticipation","The Harvard Crimson: Harvard University, COLLEGE NEWS; Pg. 1, 829 words",11/2/20
Democrats prepared for 'the worst' amid election eve anxiety,"The Guardian (London), AUSTRALIA NEWS; Version:2, 969 words",11/3/20
Humility on both sides is what the US needs now,"The Courier Mail (Australia), LETTERS; Pg. 39, 326 words",11/9/20
SCALISE: POLITICAL VIOLENCE HAS NO PLACE IN AMERICA,"States News Service, 352 words",11/17/20
"THE IRISH CRISIS;from the times november 28, 1920","The Times (London), LETTERS; Pg. 30, 374 words",11/28/20
"THE IRISH CRISIS;from the times november 28, 1920","The Times (London), LETTERS; Pg. 32, 374 words",11/28/20
"THE IRISH CRISIS;from the times november 28, 1920","The Times (London), LETTERS; Pg. 36, 374 words",11/28/20
He certainly burst ghosts,"CE Noticias Financieras English, 442 words",12/7/20
Trump-supporting 'Stop the Steal' mobs are a reminder that political violence is always inexcusable,"Newstex Blogs The Business Insider, 1722 words",12/8/20
"Dr. Seth Norrholm: How to survive the physical, financial and emotional abuse of the Trump era","Salon.com, 2297 words",12/21/20
Huffman leads call for ban on lawmakers toting guns at Capitol,"The Press Democrat, Santa Rosa, Calif., STATE AND REGIONAL NEWS, 609 words",12/24/20
Critics worry Trump's voter fraud lies could trigger violence in Georgia,"Newstex Blogs Better Georgia, 330 words",1/1/21
What Should Happen To Elected Officials Who Overtly Stoke Political Violence?,"Newstex Blogs DownWithTyranny, 1353 words",1/3/21
BENNET DENOUNCES ATTACK ON U.S. CAPITOL AND EFFORT TO OVERTURN THE ELECTION,"States News Service, 1097 words",1/6/21
"America, Welcome to the Ranks of Struggling Democracies","Newstex Blogs Foreign Policy, 1359 words",1/7/21
Jimmy Kimmel Calls Out Trump's 'Scumbag' Enablers By Name In Scathing Monologue,"Newstex Blogs The Huffington Post, 305 words",1/7/21
Tucker Carlson Says Dead Capitol Rioter Is Victim of 'Political Violence' (Video),"Newstex Blogs The Wrap, 581 words",1/7/21
Acting U.S. Homeland Security chief urges Trump to condemn supporters' violence,"Postmedia Breaking News, PMN CRIME, 121 words",1/7/21
"Sen. Bennet Denounces Attack on U.S. Capitol, Effort to Overturn Election","Targeted News Service, 1107 words",1/7/21
Dow Futures Extend Gain As Congress Certifies Biden Election Victory Following Capitol Hill Riots; Trump Vows 'Orderly Transition',"TheStreet.com, 767 words",1/7/21
POLITICAL VIOLENCE SHAKES COUNTRY,"Wall Street Journal Abstracts, A; Pg. 1, 41 words",1/7/21
"A single, horrifying day that has shaken a nation to its core","The Australian, THENATION; Pg. 3, 773 words",1/8/21
Political Violence in Washington (Opinion),"MENAFN - Business & Finance News (English), 1562 words",1/12/21
Every Senator here is concerned': Political violence top of mind for some Florida lawmakers,"Newstex Blogs Florida Politics, 808 words",1/12/21
Salesforce says it has 'taken action' to prevent further U.S. political violence,"Postmedia Breaking News, PMN CRIME, 191 words",1/12/21
"As Corporate America Flees Trump, MyPillow’s C.E.O. Stands by Him","The New York Times , BUSINESS; media, 651 words",1/12/21
"TRUMP IMPEACHED A SECOND TIME;\INCITEMENT OF INSURRECTION\"" ARTICLE PASSES HOUSE""","ABC News Transcript, WORLD NEWS TONIGHT WITH DAVID MUIR 6:32 PM EST, 1362 words",1/13/21
"The Latest: In video, Trump condemns deadly riot he fomented","Associated Press International, POLITICAL NEWS, 4844 words",1/13/21
Trump condemns the violent insurrection he fomented at the Capitol,"CE Noticias Financieras English, 147 words",1/13/21
Matt Gaetz Booed Amid Trump Impeachment Debate for Accusing Dems of Setting 'Actual Fires',"Newsweek.com, 684 words",1/13/21
Gaetz: The Left 'Lit Actual Flames';Gaetz has been a stalwart supporter of President Trump since both were elected in 2016.,"The Daily Caller, POLITICS; us, 371 words",1/13/21
"Yes, Republicans really did try to blame Trump’s behavior on BLM during impeachment hearings","The Independent (United Kingdom), VOICES; Version:1, 765 words",1/13/21
"As Brands Flee President, MyPillow Does Opposite","The New York Times, Section B; Column 0Business/Financial Desk; Pg. 3, 618 words",1/13/21
Trump condemns deadly riot he fomented; House records enough votes to impeach Trump; 100 arrests made in last week's Capitol riot,"thestar.com, NEWS; Pg. 0, 6064 words",1/13/21
"Trump \unequivocally\"" condemns U.S. Capitol violence one week after riots""","Newstex Blogs Axios, 572 words",1/14/21
Attorney General Jeff Landry declines to join other AGs in singling out U.S. Capitol attack for condemnation,"Newstex Blogs Louisiana Illuminator, 952 words",1/14/21
Republicans opposed riots and want to prosecute all who broke the law while Democrats dismissed cases against the perps,"Newstex Blogs Prairie Pundit, 288 words",1/14/21
"Washington locks down, Delta bans guns to D.C. ahead of inauguration","Postmedia Breaking News, PMN CRIME, 521 words",1/14/21
Biden urges Senate to focus on his agenda as Trump impeached for a second time-latest news,"telegraph.co.uk, NEWS; Version:1, 4499 words",1/14/21
The deterrent to insurrection;Most Americans - including most Republicans - decry political violence like that against the U.S. Capitol. The moral norm of peaceful deliberation still works against the hate and fear behind armed protesters.,"The Christian Science Monitor, Commentary, 504 words",1/14/21
"Meet the Press Daily for January 15, 2021","MSNBC, MTP DAILY 1:00 PM EST, NEWS; Domestic, 7889 words",1/15/21
We've Been Coddling Right Wing Terrorists for Thirty Years,"Newstex Blogs Talking Points Memo Editors' Blog, 213 words",1/15/21
U.S. gun sales hit all-time high as threats of political violence grow,"Newstex Blogs Axios, 1012 words",1/16/21
"Kevin McCarthy warned members to not call out colleagues by name, citing potential political violence","Newstex Blogs Axios, 485 words",1/17/21
The Biggest Issues to Watch in 2021,"Governing, STATE AND REGIONAL NEWS, 9304 words",1/19/21
"SCALISE DISCUSSES POLITICAL VIOLENCE, CANCEL CULTURE, AND TECH CENSORSHIP ON THE MEGYN KELLY SHOW","States News Service, 2506 words",1/19/21
Trump Presidency Reaches End,"Newstex Blogs Voice of America, 459 words",1/20/21
"ARRINGTON DISCUSSES DEMOCRAT IMPEACHMENT, LEFTIST POLITICAL VIOLENCE AND BIDEN'S HOSTILITY TO ENERGY SECTOR","States News Service, 770 words",1/22/21
"Arrington Discusses Democrat Impeachment, Leftist Political Violence and Biden’s Hostility to Energy Sector","Impact News Service, 770 words",1/25/21
Sarah Huckabee Sanders: Trump press secretary to run for Arkansas governor,"The Independent (United Kingdom), NEWS,WORLD,AMERICAS,US POLITICS; Version:2, 681 words",1/25/21
SUPERCUT OF DEMOCRATS CALLING FOR POLITICAL VIOLENCE,"Newstex Blogs Balladeer's Blog, 91 words",1/26/21
"Expanding powers at the expense of rights would undermine US democracy';Democrat Rashida Tlaib, one of the party's left-wingSquad, tells Alex Woodwardwhy the Capitol riot must not be used as an excuseto force throughill-conceived terrorism laws","The Independent - Daily Edition, WORLD; Pg. 24, 2010 words",1/26/21
"Expanding powers at the expense of rights would undermine US democracy';Democrat Rashida Tlaib, one of the party's left-wingSquad, tells Alex Woodwardwhy the Capitol riot must not be used as an excuseto force throughill-conceived terrorism laws","The Independent - Daily Edition, WORLD; Pg. 25, 1545 words",1/26/21
"Meet the Press Daily for January 27, 2020","MSNBC, MTP DAILY 1:00 PM EST, NEWS; Domestic, 4172 words",1/28/21
California Congressman to file resolution to expel Marjorie Taylor Greene from Congress,"Newstex Blogs Better Georgia, 778 words",1/28/21
Marjorie Taylor Greene Suggested Defending Freedom With Price Of Blood,"Forbes.com, 463 words",1/29/21
NEVER BACK DOWN' 'QAnon Rep' Marjorie Taylor Greene slams 'cancel culture mob' & urges GOP not to 'cower' to Dems after Parkland backlash,"thesun.co.uk, NEWS,US NEWS,POLITICS,REPUBLICAN PARTY,UNITED STATES CONGRESS; Version:7, 468 words",1/29/21
"Dem Rep Calls Out 'Coward' Kevin McCarthy: 'Grow a Spine' and Stand Up to QAnon, Other Extremists in House GOP Caucus","Newstex Blogs Mediaite, 581 words",1/30/21
LETTERS TO THE EDITOR,"The Hartford Courant, MAIN; A; Pg. 9, 700 words",2/1/21
First Works Baptist Church: LGBT Terrorism?,"Newstex Blogs Moonbattery, 374 words",2/2/21
"Under Pressure to Rebuke Their Own, G.O.P. Leaders Face a Critical Test","The New York Times , US; politics, 1532 words",2/2/21
Marjorie Taylor Greene was the moderator of a Facebook group that expressed support for executing Democrats and Trump opponents,"Newstex Blogs The Business Insider, 886 words",2/3/21
House GOP Leader Condemns Marjorie Taylor Greene's Conspiracy Rants But Won't Do More,"Newstex Blogs The Huffington Post, 807 words",2/3/21
"Kevin McCarthy, Other GOP Reps Voice Support to Keep Marjorie Taylor Greene On Committees","Newsweek.com, 711 words",2/3/21
A new kind of American radicalism': Capitol rioters a mainstream movement 'not connected to far-right extremism',"The Independent (United Kingdom), NEWS,WORLD,AMERICAS,US POLITICS; Version:1, 624 words",2/3/21
"Top House Republican Condemns Marjorie Taylor Greene’s Comments, but Stands by Her","The New York Times , US; politics, 1632 words",2/3/21
Marjorie Taylor Greene's history of dangerous conspiracy theories and comments,"CNN Wire, 2184 words",2/4/21
Marjorie Taylor Greene's history of dangerous conspiracy theories and comments,"CNN Wire, 2190 words",2/4/21
"Meet the Press Daily for February 4, 2021","MSNBC, MTP DAILY 1:00 PM EST, NEWS; Domestic, 8180 words",2/4/21
McCarthy gives Greene total pass,"Newstex Blogs Lawyers, Guns, and Money, 325 words",2/4/21
"News Brief: Marjorie Taylor Greene, Biden Foreign Policy, Colleges Open","NPR Morning Edition, Morning Edition 10:00 AM EST, 2500 words",2/4/21
House To Decide If Rep. Marjorie Taylor Greene Is Dropped From 2 Key Panels,"NPR Morning Edition, Morning Edition 10:00 AM EST, 885 words",2/4/21
House Minority Leader McCarthy's Statement on Rep. Taylor Greene,"Targeted News Service, 336 words",2/4/21
Marjorie Taylor Greene to face no consequences from House GOP,"The Independent (United Kingdom), NEWS,WORLD,AMERICAS,US POLITICS; Version:1, 760 words",2/4/21
Appalling' Greene slapped by HouseGOP conspiracy nut booted from committees,"Daily News (New York), NEWS; CS; Pg. 4, 921 words",2/5/21
2 recent GOP votes show the party is more invested in censuring members who break with party line than addressing extremism and violence within its own ranks,"Newstex Blogs The Business Insider, 745 words",2/5/21
Barbara Comstock On The Future Of The GOP,"NPR Morning Edition, Morning Edition, 1239 words",2/5/21
US House votes to oust Marjorie Taylor Greene from committees: 'There must be consequences',"The Independent (United Kingdom), NEWS,WORLD,AMERICAS,US POLITICS; Version:10, 1109 words",2/5/21
The House’s Unusual Move;On Politics,"The New York Times , US; politics, 1364 words",2/5/21
Democrats have been promoting violence cutting against their impeachment efforts,"Newstex Blogs Prairie Pundit, 264 words",2/6/21
"GRASSLEY INVITES DURBIN, DEMOCRATS TO CONFRONT ALL FORMS OF POLITICAL VIOLENCE","States News Service, 2661 words",2/6/21
"Grassley Invites Durbin, Democrats to Confront All Forms of Political Violence","Impact News Service, 2477 words",2/8/21
Against Conservative Civil War,"National Review; ARTICLES, 1393 words",2/8/21
"Trump's Impeachment Defense and the Problem of \Insider Political Violence\""""","Newstex Blogs Dorf on Law, 1533 words",2/8/21
"WRIGHT: I'm A Democrat, But It's Time To Leave The Party","The Daily Caller, OPINION, 1359 words",2/10/21
Will Democrats investigate violence ion Democrat cities last year?,"Newstex Blogs Prairie Pundit, 429 words",2/11/21
Survey: 4 In 10 Republicans Say Political Violence May Be Necessary,"Newstex Blogs The Moderate Voice, 502 words",2/11/21
A 'Scary' Survey Finding: 4 In 10 Republicans Say Political Violence May Be Necessary,"NPR Morning Edition, Morning Edition, 442 words",2/11/21
"Donald Trump would 'incite more violence' if allowed to run in 2024, impeachment trial hears","telegraph.co.uk, NEWS; Version:1, 690 words",2/11/21
‘Trump sent them there': Democrats wrap up impeachment case,"Brisbane Times, 576 words",2/12/21
"Trump has a history of inciting political violence, Democrats argue","The Globe and Mail (Canada), NEWS; Pg. A3, 728 words",2/12/21
Senate votes to acquit Trump for incitement of insurrection,"Congressional Quarterly News, 1283 words",2/13/21
U.S. Senate acquits Trump as Republicans save him in second impeachment trial,"Postmedia Breaking News, WORLD, 1528 words",2/13/21
Defiant Trump hails acquittal in Capitol riot impeachment trial by accusing Democrats of cheering mob,"The Independent (United Kingdom), NEWS,WORLD,AMERICAS,US POLITICS; Version:5, 575 words",2/13/21
Senate acquits Trump as Republicans save him in impeachment again,"Toronto Sun, WORLD, 1186 words",2/13/21
US Senate acquits Trump as Republicans save him from impeachment again,"Newstex Blogs The Dawn, 860 words",2/14/21
Failure to convict does not mean it was a mistake to try,"The Australian Online, 818 words",2/14/21
Acquittal an embarrassing mark on Republican record,"Sydney Morning Herald (Australia), OPINION; Letters; Pg. 18, 500 words",2/15/21
Failure to convict does not mean it was a mistake to try,"The Australian, WORLD; Pg. 9, 818 words",2/15/21
The Democrats' Last Chance to Save Democracy,"Atlantic Online, 4194 words",2/22/21
Dem effort to squash disinformation shifts from internet to airwaves,"National Journal Daily Extra AM, 1024 words",2/23/21
Democrats and GOP at odds over scope of commission to investigate Capitol riot,"CNN Wire, 1455 words",2/24/21
McConnell throws cold water on Dems' proposed 1/6 Commission,"Politico.com, CONGRESS, 949 words",2/24/21
Senate Minority Leader Throws Cold Water on Dems' Proposed 1/6 Commission,"FARS News Agency, 956 words",2/25/21
House Democrats strike back at GOP 'false equivalencies' during domestic terror hearing,"The Independent (United Kingdom), NEWS,WORLD,AMERICAS,US POLITICS; Version:1, 1343 words",2/25/21
Committee in Solidarity With the People of El Salvador: Congress to Biden Administration - Denounce Political Violence in El Salvador,"Targeted News Service, 944 words",2/26/21
Rep. Eric Swalwell Sues Trump and Allies Over Capitol Insurrection,"USNEWS.com, NEWS; National News; Vol.; No., 614 words",3/5/21
CNN Poll: Most Americans think election results could lead to political violence in the coming years,"CNN Wire, 976 words",3/12/21
Pelosi Disowns Effort by House Democrats to Remove Marjorie Taylor Greene: Expelling Her is 'Not a Leadership Position',"Newstex Blogs Mediaite, 243 words",3/19/21
Democrat Jimmy Gomez introduces resolution to kick Marjorie Taylor Greene out of Congress,"The Independent (United Kingdom), NEWS,WORLD,AMERICAS,US POLITICS; Version:2, 447 words",3/19/21
"Cooper, Cohen sign resolution with dozens of House Democrats to expel Marjorie Taylor Greene","Newstex Blogs Tennessee Lookout, 1145 words",3/21/21
"Spring 2021 Meredith Poll Explores N.C. Voter Attitudes About Political Leaders, Policy Issues Including Minimum Wage, Distracted Driving, COVID Response, Political Violence","Targeted News Service, 2569 words",3/23/21
"POLITICSNATION WITH AL SHARPTON for April 4, 2021","MSNBC, POLITICS NATION 5:00 PM EST, NEWS; Domestic, 5658 words",4/4/21
"Georgia’s New Law, and the Risk of Election Subversion","The New York Times , UPSHOT, 1758 words",4/6/21
"Let's hope Biden is another LBJ - the transformative 1964 version, that is;Priorities of the two Democratic presidents are strikingly similar. But can Joe Biden avoid the circumstances that eventually led to Lyndon B. Johnson's undoing?","Breaking News from globeandmail.com, 808 words",4/9/21
"Let's hope Biden is another LBJ - the transformative 1964 version, that is;OPINION","The Globe and Mail (Canada), OPINION; Pg. O11, 794 words",4/10/21
"Northern Ireland, born of strife 100 years ago, again erupts in political violence","Newstex Blogs The Moderate Voice, 331 words",4/12/21
Millions of Americans think the election was stolen. How worried should we be about more violence?,"The Guardian (London), US NEWS; Version:2, 1615 words",4/16/21
CNN's John Berman Slams Ted Cruz for Criticizing Maxine Waters: 'Pot Calling the Kettle Violent',"Newstex Blogs The Wrap, 597 words",4/19/21
Fund-Raising Surged for Republicans Who Sought to Overturn the Election,"The New York Times - International Edition, US, 1478 words",4/20/21
FBI labeled Steve Scalise and GOP Assassination Attempt as 'suicide by cop' Not Domestic Terrorism or Political Violence,"Newstex Blogs The Conservative Treehouse, 743 words",4/21/21
Cheney to McCarthy: 'You Can't Bury Our Head in the Sand',"Newstex Blogs Speaker of the House Blog, 349 words",4/27/21
Cheney: Addressing Capitol Attack 'Matters Hugely To The Survival Of Our Country',"Newstex Blogs Talking Points Memo, 572 words",4/27/21
Political Notes,"The White House Bulletin, IN THE WHITE HOUSE AND AROUND TOWN, 2222 words",4/27/21
Add Rank Hypocrisy to List of Ron Weiser Transgressions,"Newstex Blogs Progress Michigan, 325 words",5/4/21
Heist: The Northern Irish Bank Robbery review - I'm still in the dark,"thetimes.co.uk, CULTURE; Version:1, 1173 words",5/8/21
GOP flails for plan to restore Trump's internet privileges,"National Journal Daily Extra AM, 1216 words",5/11/21
John Adams Institute Proposes Constitutional Amendment to Congress,"PR Newswire, 696 words",5/11/21
Defiant Liz Cheney blasts Trump election lies ahead of leadership vote,"Brisbane Times, 771 words",5/12/21
"COMER OPENING STATEMENT: \WE CANNOT IGNORE SOME ACTS OF VIOLENCE AND THEN USE OTHERS FOR POLITICAL GAIN.\""""","States News Service, 975 words",5/12/21
Cheney fires last shots on Trump lies,"Sydney Morning Herald (Australia), WORLD; Pg. 28, 994 words",5/13/21
"McCarthy Comes Out Against Jan. 6 Commission, Weakening Odds Of It Passing","Forbes.com, 450 words",5/18/21
Republican House Whip urges his party NOT to vote for Capitol riot commission after GOP leader Kevin McCarthy said it ignores BLM and Antifa violence in American cities,"MailOnline, NEWS; Version:1, 1072 words",5/18/21
Kevin McCarthy says he won't support the Dem's Capitol riot commission because it ignores BLM and Antifa violence in American cities,"MailOnline, NEWS; Version:6, 945 words",5/18/21
"DEADLINE: WHITE HOUSE for May 18, 2021","MSNBC, DEADLINE: WHITE HOUSE 4:00 PM EST, NEWS; Domestic, 7856 words",5/18/21
"Republicans Split On Jan. 6 Commission As McCarthy Announces Opposition;'Given the Speaker's shortsighted scope that does not examine interrelated forms of political violence in America, I cannot support this legislation.'","The Daily Caller, POLITICS, 641 words",5/18/21
McCarthy opposes Jan. 6 commission because it would not study ‘political violence’ by the left.,"The New York Times , US, 721 words",5/18/21
Won't support bipartisan deal for 9/11-style commission to probe January 6 Capitol riot: Kevin McCarthy,"Asian News International (ANI), 562 words",5/19/21
"Tlaib Confronts Biden on Israel, Saying Support Enables Crimes Against Palestinians","Economic News, 5743 words",5/19/21
Our Republic Is Being Dismantled from Within': GOP Blocks Jan. 6th Investigation,"Rolling Stone, 815 words",5/28/21
Stefanik defends 'no' vote on commission to investigate U.S. Capitol attack,"The Post-Star (Glens Falls, New York), NATIONAL POLITICAL NEWS, 805 words",5/28/21
Is This Going To Be A Decade In Which Political Violence Is Normalized By The Republican Party?,"Newstex Blogs DownWithTyranny, 2293 words",6/4/21
The Cotton Controversy: The Dark Anniversary of the Surrender of the New York Times,"Newstex Blogs JonathanTurley.org, 1950 words",6/6/21
Senate Dems Say 'No' to Extra Pay for Officers Responding to Riots,"Newstex Blogs The Oregon Catalyst, 462 words",6/8/21
Republican Reps Demand To Know How Journalists Can Be Protected From Antifa Rioters;'The Biden Administration has a responsibility to protect Mr. Ngo and other journalists.',"The Daily Caller, POLITICS, 359 words",6/8/21
More On the Rolling Insurrection,"Newstex Blogs Talking Points Memo Editors' Blog, 99 words",6/9/21
Do You Want A GOP Congressional Nomination? Only Crazy People/Trump Cultists Need Apply,"Newstex Blogs DownWithTyranny, 1947 words",6/16/21
Politics McManus : Why Republicans are suddenly reluctant to condemn political violence,– TheLiveFeeds.com...,6/21/21
Why US Republicans support political violence,"Gulf News (United Arab Emirates), 852 words",6/22/21
Why Republicans are suddenly reluctant to condemn political violence,"The Republican Party has a problem with political violence: It's not sure whether it's for it or against it. In the first days after a mob loyal to former President Donald Trump stormed the Capitol on Jan. 6 to try to block Congress from certifying President Joe Biden's election, GOP leaders delivered a sensible, unified response: There's...",6/23/21
Dialogue Is Not Possible With ‘Opposing Views of Reality’;letters,"The New York Times , OPINION; letters, 1325 words",6/24/21
"Two Parties, 'Opposing Views of Reality'","The New York Times, Section A; Column 0Editorial Desk; Pg. 22; LETTERS, 1332 words",6/25/21
But Violence Worked For the Other Side!' - Loyalism's Dangerous and Dishonest Myth. Part 2,"Newstex Blogs Slugger O'Toole, 1091 words",7/1/21
US House votes to create select committee probing Capitol riot,"Indian Media news, 387 words",7/2/21
But Violence Worked For the Other Side!' - Loyalism's Dangerous and Dishonest Myth. Part 3,"Newstex Blogs Slugger O'Toole, 827 words",7/2/21
Political Violence And The GOP-- Will There Be A Price To Pay At The Polls?,"Newstex Blogs DownWithTyranny, 1434 words",7/17/21
House Republicans sharpen plan of attack on Democrats’ January 6 probe,"By Lauren Fox, Melanie Zanona and Manu Raju, CNN Republicans on the House’s new investigative committee are gearing up for a protracted clash with Democrats over former President Donald Trump’s role in the January 6 attack, with the GOP looking to turn the focus into the Capitol’s lack of preparedness, Speaker Nancy Pelosi’s actions and political violence...",7/21/21
House Republicans sharpen plan of attack on Democrats’ January 6 probe,"By Lauren Fox, Melanie Zanona and Manu Raju, CNN Republicans on the House’s new investigative committee are gearing up for a protracted clash with Democrats over former President Donald Trump’s role in the January 6 attack, with the GOP looking to turn the focus into the Capitol’s lack of preparedness, Speaker Nancy Pelosi’s actions and political violence...",7/21/21
House Republicans sharpen plan of attack on Democrats' January 6 probe,"CNN Wire, 1569 words",7/21/21
Jim Jordan gives preview of GOP tactics on Capitol riots committee: Democrats are to blame,"The Independent (United Kingdom), NEWS,WORLD,AMERICAS,US POLITICS; Version:1, 875 words",7/21/21
Zambia: The President Should Rescind the Decision to Deploy De-fence Forces," The Maravi Post, 648 words",8/2/21
Armed Forces implored to uphold rule of law," Zambian Eye, 334 words",8/3/21
"The Rachel Maddow Show for August 5, 2021","MSNBC, THE RACHEL MADDOW SHOW 9:00 PM EST, NEWS; Domestic, 7170 words",8/5/21
Op-Ed: Partisan politics or a battle for the Republic? The bastardization of American political coverage,"Michigan Daily: University of Michigan-Ann Arbor, OPINION; Pg. 1, 1084 words",8/9/21
"DEADLINE: WHITE HOUSE for August 11, 2021","MSNBC, DEADLINE: WHITE HOUSE 4:00 PM EST, NEWS; Domestic, 7973 words",8/11/21
President Lungu under pressure to concede defeat in Zambia polls,"The Daily Monitor, 397 words",8/15/21
Ruth Dudley Edwards: Thomas McElwee’s story is one of lives ruined by hatred,"News Letter, COLUMNISTSPOLITICS, 1010 words",8/17/21
Hill staff: Political violence can feel like part of the job,"Congressional Quarterly News, 1177 words",8/23/21
"ARE THREATS NEW NORMAL?;STAFF SAY THE FEAR OF POLITICAL VIOLENCE IS NOW PART OF THEIR JOB;CAPITOL HILL | INSURRECTION, BARRICADE CRASH, STANDOFF ...","Wisconsin State Journal (Madison, Wisconsin), FRONT; Pg. A12, 581 words",8/26/21
Renewed fears of political violence grip Capitol Hill ahead of right-wing rally,"CNN Wire, 1477 words",8/27/21
